"","education","wage"
"7452",14,2.56
"8016",11,2.06
"7162",17,3.09
"8086",12,2.39
"9196",12,1.95
"623",14,1.74
"15241",12,2.35
"10885",15,2.53
"934",12,2.2
"12688",12,1.6
"2948",15,2.83
"17487",10,2
"12238",12,1.96
"15220",12,2.34
"10424",12,2.31
"2622",16,2.37
"14340",15,1.88
"1685",12,2.3
"3000",13,2.63
"17380",12,1.63
"479",16,3.17
"11869",16,3.26
"17018",14,2.64
"13189",14,2.24
"16962",12,2.79
"3496",12,2.34
"9595",12,2.73
"7984",17,2.99
"131",12,2.86
"11607",12,2.2
"15987",13,1.84
"17398",12,2.04
"4836",12,2.09
"14240",12,2.07
"298",13,2.57
"10027",15,2.61
"258",15,2.36
"16463",12,1.98
"11446",13,3.28
"2744",12,2.1
"902",12,2.95
"15665",12,1.03
"13533",16,0.76
"561",12,2.89
"3385",13,2.6
"4232",15,2.14
"7962",17,4.35
"959",15,3.28
"5896",12,1.87
"1258",12,2.44
"4591",12,1.7
"11043",11,2.11
"9347",12,1.81
"2902",16,1.6
"12857",11,1.77
"10488",12,1.54
"10905",13,1.88
"8787",12,2.66
"8626",15,3.17
"6901",10,1.94
"760",12,2.01
"1751",12,2.74
"15868",10,1.82
"2324",12,1.82
"4265",12,2.25
"13383",12,2.01
"8765",12,2.17
"10163",12,1.71
"8518",11,1.8
"2533",12,2.82
"13979",15,2.69
"6604",10,2.47
"17891",15,2.32
"14396",12,1.33
"8092",13,2.48
"16009",11,1.64
"16486",10,1.93
"214",15,2.08
"8789",12,3.09
"8352",11,2.1
"6406",10,1.79
"8634",11,2.25
"181",17,3.63
"8355",11,1.89
"15834",11,2.28
"4324",12,1.81
"5034",12,1.97
"14982",12,2.43
"5385",12,2.42
"15379",12,2.65
"6678",13,2.16
"3613",12,2.25
"4973",12,2.15
"14736",10,2.57
"5570",15,2.6
"8998",12,2.59
"4766",16,2.9
"16862",9,1.97
"5523",12,2.45
"13687",12,1.62
"16982",14,2.66
"3991",13,2.05
"7612",13,2.98
"6601",10,0.99
"4987",12,1.88
"1456",10,1.77
"8680",13,2.69
"15898",12,2.96
"9104",12,0.66
"8407",12,1.63
"15253",10,2.05
"9123",15,2.89
"10536",9,1.65
"1859",12,2.85
"17555",12,2.08
"1725",10,2.17
"15225",11,1.72
"13396",12,2.54
"4346",12,2.3
"12128",12,2.66
"16913",12,2.6
"4377",11,1.97
"9090",12,2.73
"13157",12,1.81
"2058",12,1.81
"16918",12,2.96
"8753",12,1.94
"585",15,2.62
"4389",12,1.68
"6993",12,2.4
"4399",12,1.8
"13910",13,1.59
"16357",11,2.6
"16018",12,2.07
"14231",9,1.62
"12395",12,2.15
"4871",12,1.93
"2091",15,2.85
"6333",12,2.7
"17295",12,1.85
"4267",12,2.47
"4135",11,2.37
"17194",12,2.25
"216",15,2.42
"5867",10,1.89
"1315",16,1.95
"1938",11,2.19
"6539",12,1.75
"17592",20,2.46
"7905",15,2.4
"6600",10,2.25
"16264",11,2.59
"1046",12,2.34
"3242",12,3.02
"16229",12,1.81
"16972",12,2.38
"1684",12,2.05
"417",13,2.1
"2934",17,1.29
"17478",11,1.77
"15587",12,2.76
"12865",12,2.21
"10169",14,2.29
"15933",10,0.68
"7123",10,2.24
"16906",12,2.21
"12693",12,1.72
"7565",12,2.18
"8908",12,2.01
"2549",15,2.84
"12493",11,1.98
"3176",12,2.52
"17618",16,3.01
"11935",15,1.83
"9574",15,2.41
"12889",12,2.65
"12597",12,2.4
"13003",12,2.92
"10044",15,3.32
"12212",12,2.17
"10356",11,3.79
"15329",10,1.62
"12774",13,2.11
"1826",12,1.27
"1131",12,1.72
"2242",12,0.7
"10982",10,2.91
"2949",13,1.44
"13182",12,1.76
"15959",12,2.23
"8557",12,1.94
"13690",12,1.98
"6089",12,2.07
"15159",11,1.87
"17574",9,2.29
"207",15,2.92
"3798",12,1.93
"10520",12,1.74
"15308",14,2.33
"14725",15,2.45
"17375",12,2.34
"16997",12,2.15
"6607",10,2.2
"10340",9,2.07
"13500",12,1.95
"141",12,3.01
"7068",13,2.14
"14082",13,1.84
"7547",14,3.05
"12266",16,2.31
"12667",12,3.07
"12564",12,2.73
"15722",12,2.2
"15234",12,1.86
"10001",16,2.34
"10948",14,2.06
"4234",15,2.24
"2392",15,2.74
"1235",16,2.86
"12206",12,2.38
"16845",12,0.96
"4823",12,2.26
"12367",12,2.66
"16926",12,1.54
"6075",12,2.17
"8019",11,2.26
"14150",9,1.72
"854",12,2.51
"8687",14,2.99
"10620",9,2.21
"6898",10,2.37
"13103",10,2.54
"3541",15,1.52
"10715",15,2.63
"10423",12,2.31
"15434",12,2.67
"5905",11,1.12
"16086",16,2.1
"118",12,2.48
"3623",12,2.19
"8549",12,3.06
"7420",10,1.65
"2203",19,1.58
"16693",12,2.97
"16445",11,2.06
"11830",12,2.08
"16180",13,3.17
"6984",12,2.28
"4848",12,1.91
"3251",12,1.54
"1111",12,3.07
"11488",12,1.73
"12623",12,2.23
"3048",11,2.09
"8205",18,2.51
"4733",12,2.64
"9216",11,1.89
"41",15,1.78
"772",9,2.15
"14670",12,2.68
"9311",15,2.8
"1546",17,2.25
"3960",12,1.31
"10509",12,1.84
"8923",16,2.31
"4842",12,2.32
"17139",12,2.7
"13291",14,2.71
"17779",19,3.61
"10293",9,1.98
"6511",14,2.03
"17259",12,2.99
"10294",9,1.86
"6833",16,2.58
"5503",12,2.28
"6926",12,2.32
"6286",12,2.83
"11071",11,2.06
"3286",11,2.09
"11432",13,2.68
"16148",12,1.95
"8383",12,2.17
"6059",11,2.2
"7242",12,2.14
"6674",12,2.42
"5786",9,2.18
"10307",12,2.52
"16239",12,1.81
"4130",11,1.94
"2552",15,3
"2610",16,2.26
"17690",15,2.23
"15669",13,2.26
"16550",15,3.14
"8168",10,1.53
"7699",12,2.94
"9822",11,2.37
"10199",12,2.61
"16219",12,0.23
"936",11,1.91
"7295",15,3.24
"14147",9,1.8
"16303",13,2.57
"16875",10,2.7
"14644",12,1.8
"10820",13,2.79
"2609",16,2.28
"8203",17,2.28
"10212",15,3.16
"11855",12,2.91
"15838",11,2.73
"7362",15,2.63
"13669",10,2.43
"3894",10,2.69
"8211",12,1.62
"13018",12,1.89
"10857",12,2.27
"3948",12,2.42
"3349",11,1.82
"793",12,2.87
"4765",16,2.72
"2535",12,3.06
"17528",15,3.08
"7607",13,2.07
"7864",12,3.18
"6309",12,2.53
"11462",15,2.33
"9057",12,2.58
"12902",13,1.79
"17664",12,2.05
"8010",12,2.93
"11416",16,2.81
"11156",12,2.16
"3968",12,2.52
"13684",12,2.56
"618",10,1.59
"16919",12,2.9
"5121",10,1.45
"10803",13,2.7
"3270",12,1.57
"11231",12,2.67
"6492",12,1.93
"7037",10,1.65
"3937",12,1.97
"16960",12,2.58
"3730",14,2.15
"12313",12,2.03
"633",9,2.22
"3729",14,1.98
"786",12,2.86
"15521",12,2.22
"12245",12,1.98
"11166",11,2.59
"570",15,2.46
"2183",12,2.04
"17582",16,2.05
"7540",15,3.38
"3232",15,1.81
"790",12,3.23
"13787",12,2.02
"15034",12,2.05
"8398",14,1.67
"16327",11,2.39
"13549",13,1.97
"7228",9,1.58
"8478",12,2.31
"1811",12,1.78
"2624",16,2.06
"14573",13,2.58
"600",13,2.7
"625",14,2.43
"5800",14,2.04
"2970",12,2.48
"17706",11,2.2
"674",12,2.31
"6465",15,2.23
"13966",15,1.94
"14195",13,2.46
"7631",16,2.7
"9122",12,2.5
"3687",13,2.15
"4478",14,1.99
"13631",12,2.16
"7663",12,2.67
"12449",15,2.09
"12251",12,1.53
"13363",12,1.98
"6515",14,1.91
"6621",9,2.86
"352",12,2.32
"801",12,2.25
"6505",12,2.77
"2695",12,2.39
"7911",12,1.47
"6475",11,2.35
"4300",12,1.98
"12277",16,1.94
"6028",15,2.5
"57",13,2.01
"10185",15,3.38
"13154",12,1.87
"10781",12,1.53
"3449",9,2.03
"15999",14,1.25
"16296",13,1.77
"12567",12,2.22
"7542",15,3.78
"2180",12,2.4
"9677",9,2.46
"263",15,3.05
"5069",17,3.14
"7244",12,2.21
"4799",13,2.52
"4726",12,1.81
"8121",12,2.14
"704",12,1.55
"4319",12,2.29
"14690",11,2.7
"5338",12,2.92
"3705",15,2.9
"23",13,2.25
"14241",12,2.29
"12359",14,1.64
"1956",12,2.81
"13207",12,1.79
"10928",12,2.01
"9559",12,2.27
"11548",12,2.63
"1329",18,3.84
"13435",12,2.43
"17337",15,2.69
"383",15,1.88
"11778",12,2.18
"7206",15,2.86
"946",15,2.64
"4565",12,2
"12074",12,2.51
"10606",9,1.71
"3997",12,1.87
"12821",12,2.68
"11376",13,2.35
"8588",16,3.17
"5217",12,2.36
"15691",10,2.63
"1041",16,2.68
"11498",16,2.84
"13856",12,1.17
"13216",15,2.57
"3717",16,2.91
"8095",13,2.92
"7083",13,1.69
"5561",12,2.84
"17492",16,2.25
"17496",17,2.09
"4322",12,2.59
"16040",12,2.67
"14207",12,1.9
"2974",12,2.76
"11569",12,1.49
"3015",10,1.85
"9494",15,2.49
"6877",15,1.98
"2504",12,2.27
"7254",12,2.45
"1803",13,1.91
"13697",15,2.15
"14958",12,2.19
"2067",12,2.62
"17440",12,1.96
"12412",12,2.11
"6643",12,1.55
"5636",12,2.17
"606",13,1.67
"5089",17,2.6
"12250",12,2.08
"16487",10,2.08
"2703",12,2.36
"4469",9,2.43
"11298",16,2.27
"2573",12,1.05
"6485",12,1.81
"1017",12,2.77
"16152",13,1.48
"6909",12,1.98
"8357",11,3.01
"8715",15,1.98
"9279",12,2.86
"1728",10,2.34
"16783",12,2.66
"16873",10,2.17
"4607",13,2.28
"14851",12,1.66
"7521",20,2.5
"5242",12,2.73
"2736",15,2.64
"13831",12,2.53
"15116",12,2.29
"5971",12,2.94
"16924",9,1.13
"16870",9,2.95
"3379",12,0.9
"6398",12,2.03
"9864",13,2.26
"9555",15,3.84
"1710",13,2.86
"6995",12,1.87
"6693",10,2.24
"17583",16,2.03
"12283",13,2.25
"474",16,2.87
"5811",10,2.62
"5477",13,2.09
"7050",15,2.23
"2214",12,2.05
"8139",14,2.34
"13633",12,1.93
"3011",12,2.7
"7977",17,2.6
"10217",12,2.02
"14914",12,2.49
"3001",13,2.38
"4443",12,1.61
"10660",12,2.3
"15000",14,2.62
"6050",12,2.63
"17584",16,2.02
"208",15,2.85
"13123",12,2.09
"12420",12,2.5
"16375",15,2.29
"15620",10,2.1
"5557",12,2.19
"5020",15,2.44
"10722",12,2.03
"16537",16,3.48
"2585",14,2.79
"8707",15,2.88
"11547",12,2.63
"8919",12,2.18
"6524",17,2.12
"12694",12,1.42
"86",12,2.09
"12806",13,1.93
"7232",9,1.85
"17110",12,3.27
"7035",10,2.45
"4153",14,1.48
"12063",12,2.32
"17465",12,1.99
"9078",9,1.78
"9257",12,2.42
"9527",11,2.53
"17795",13,1.38
"12741",16,2.55
"17513",12,2.84
"225",20,1.91
"12415",12,2.12
"16565",14,2.1
"10842",10,1.72
"17374",12,2.44
"13609",15,3.02
"861",14,2.44
"35",15,2.32
"3264",10,2.09
"16345",11,2.41
"12987",11,1.84
"5897",12,1.58
"10843",10,1.53
"17476",15,2.03
"5168",12,1.91
"2745",12,2.16
"17208",15,1.54
"9323",12,2.39
"2521",12,2.22
"11089",16,2.24
"10688",12,1.61
"7624",15,3.02
"8679",13,2.5
"14139",12,1.68
"12913",13,1.75
"10298",9,1.97
"8845",12,2.48
"11011",11,1.88
"16863",9,2.08
"1241",15,2.26
"10402",9,2.56
"8510",14,1.65
"7593",12,2.44
"2113",12,2.66
"5080",12,2.72
"2527",12,2.87
"14829",14,1.65
"15640",14,1.84
"5392",13,2.26
"8475",12,1.32
"2004",11,1.67
"8317",16,2.93
"16091",9,2.24
"1073",12,1.87
"4429",12,1.75
"14674",12,2.37
"13601",15,2.38
"137",12,2.94
"15127",12,2.87
"9101",12,1.57
"15840",12,2.54
"13827",12,2.01
"9273",12,2.92
"2821",15,2.17
"6611",12,2.26
"14538",13,2.23
"12975",10,1.55
"11881",15,2.68
"7496",11,2.96
"13116",12,2.17
"12040",12,2.37
"7441",15,2.7
"2507",12,2.28
"7413",10,2.5
"17086",10,0.66
"16612",10,2.34
"11633",12,2.41
"9622",12,2.05
"14268",12,2.01
"1651",10,1.92
"11250",11,2.46
"5203",12,2.22
"1003",12,2.96
"14581",13,3.14
"816",11,2.49
"10182",15,3.33
"8408",12,1.98
"11010",11,2.22
"11959",12,3.22
"811",11,2.12
"9011",12,2.43
"13406",11,1.87
"546",15,2.51
"1411",12,2.08
"15288",10,2.04
"9934",15,2.55
"4102",12,2.79
"10812",14,2.57
"7372",14,2.86
"1206",12,2.1
"6326",12,2.27
"9477",15,2.11
"6095",12,1.71
"12968",12,0.83
"520",12,2.54
"11151",13,2.14
"8064",12,2.34
"15066",12,2.57
"14846",12,1.86
"2977",12,2.32
"312",16,2.74
"15855",14,2.6
"11162",12,1.56
"14614",12,2.09
"8232",12,2.19
"10580",12,2.11
"3451",9,1.87
"17761",12,2.3
"12106",16,1.9
"4549",12,1.82
"3472",12,1.48
"4703",12,2.9
"12676",12,2.03
"4496",14,2.17
"13214",15,2.53
"1462",12,2.4
"16773",10,2.05
"7806",12,2.86
"3367",11,2.79
"8871",12,2.75
"7834",12,1.7
"12112",16,2.58
"3738",12,1.76
"164",12,1.59
"14722",15,1.86
"16097",9,2.1
"12384",14,2.66
"3183",12,2.67
"10762",12,2.35
"8702",15,2.62
"5107",16,2.73
"5108",16,2.95
"4686",12,1.93
"7983",17,3.02
"1840",12,3.1
"8041",12,2.14
"1482",11,2.74
"10823",13,2.25
"15512",12,2.38
"7603",15,2.83
"8668",12,1.42
"16414",15,2.92
"284",14,2.39
"3120",13,0.98
"4126",12,2.67
"5686",16,3.05
"8224",12,2.28
"14194",13,2.77
"2687",12,2.98
"15822",12,2.36
"13064",12,3.04
"1078",12,2.7
"9779",14,2.37
"16925",12,1.95
"17026",14,2.41
"7623",15,2.88
"12336",12,2.13
"15859",10,2.31
"7046",12,2.29
"4956",14,2.49
"2526",12,3.04
"9969",14,2.42
"12807",13,2.32
"6827",15,3.27
"13548",13,1.61
"15761",9,2.26
"8360",11,2.99
"485",14,2.52
"17203",15,1.97
"15553",9,1.61
"7886",13,2.9
"7928",14,2.3
"7820",12,1.62
"9100",12,2.39
"7388",15,3.19
"13580",13,2.39
"16322",11,2.15
"12330",12,1.91
"4949",15,2.7
"12820",12,2.34
"13096",12,2.36
"7745",15,3.3
"995",12,2.66
"11790",15,2.94
"2099",15,2.84
"7600",12,2.82
"10138",14,1.82
"14898",15,2.5
"11666",13,1.79
"8676",13,1.85
"12083",12,2.53
"14471",12,2.72
"1804",13,2.03
"6566",12,1.44
"5163",12,1.84
"10844",11,1.79
"7346",10,2.53
"16479",12,2.65
"14126",9,1.71
"2641",15,1.9
"11340",12,1.59
"3366",11,2.27
"17834",12,2.21
"11263",12,2.28
"12860",12,2.41
"7392",12,1.9
"11496",16,2.97
"6117",17,2.36
"7150",13,3.48
"2327",12,2.11
"8425",14,2.15
"12219",12,2.25
"11491",12,2.07
"16516",12,2.22
"2193",18,2.67
"8011",12,3.06
"16371",15,2.26
"16244",12,1.77
"10777",12,2.42
"13717",12,2.23
"3651",10,2.17
"3392",13,2.7
"7460",12,1.67
"256",14,2.34
"11516",14,2.61
"13004",12,2.88
"2131",14,2.01
"1508",16,2.47
"16642",12,2.54
"8780",12,2.41
"17747",12,2.31
"12477",12,1.56
"5219",12,2.59
"10761",12,2.22
"2966",12,2.02
"7505",11,1.13
"16812",11,2.9
"2550",15,2.82
"15772",9,2.71
"17524",15,2.16
"9920",15,2.91
"17749",12,2.59
"6522",17,2.17
"9731",12,1.8
"10654",12,2.4
"16462",12,1.79
"7497",11,2.64
"10887",20,2.66
"11590",12,2.46
"12195",12,2.32
"5037",17,1.58
"1106",12,2.83
"8133",13,1.74
"1379",12,2.55
"4403",12,1.86
"2864",12,2.8
"8898",11,2.86
"2707",12,2.5
"2448",15,1.62
"14809",12,2.25
"8741",15,2.91
"10064",11,2.25
"10519",12,2.34
"9013",12,1.4
"17905",12,2.52
"4744",15,2.8
"8878",12,2.69
"8904",12,2.6
"14376",9,1.79
"17147",10,1.65
"17850",9,1.96
"14532",13,2.17
"2523",12,2.25
"14427",11,2.39
"10378",15,2.53
"15743",12,3.52
"9542",13,2.59
"15485",14,1.65
"9854",12,1.8
"2756",12,2.21
"15149",9,1.12
"845",12,2.22
"8761",12,3.16
"11993",12,1.76
"6312",12,2.38
"16688",12,2.86
"4875",13,2.71
"2199",18,2.88
"16007",15,2.45
"3314",9,2.73
"385",16,2.41
"3769",11,1.56
"4477",14,1.85
"12466",15,2.94
"5534",12,1.72
"87",12,2.35
"15563",12,2.44
"3493",12,2.03
"120",12,2.4
"3950",13,2.49
"2579",14,2.35
"14910",12,2.05
"13566",12,2.11
"10317",12,2.59
"9521",11,2.28
"1560",12,2.22
"509",16,2.4
"2884",12,2.52
"14569",13,2.41
"6854",12,1.76
"6934",9,1.97
"12743",19,2.08
"6572",12,2.14
"10023",15,3.01
"5415",12,3.05
"10334",9,2.87
"1083",12,2.63
"11336",12,2.91
"3995",12,1.68
"13598",13,1.89
"8854",12,2.35
"13714",12,2.72
"14047",12,2.69
"4752",13,1.74
"3067",14,2.36
"14209",16,2.08
"16789",12,2.76
"14423",19,3.19
"9243",12,2.72
"9468",15,1.71
"174",13,3.2
"11598",12,2.76
"8391",12,2.18
"17243",13,0.98
"13666",10,2.73
"10621",10,1.84
"16238",12,1.75
"10460",12,1.83
"14100",14,2.65
"17914",9,1.89
"14455",15,2.58
"4070",12,2.21
"1336",17,2.7
"15424",12,2.19
"10013",14,1.67
"9193",13,2.11
"5141",12,1.64
"14523",12,2.68
"15867",10,2.39
"9052",12,2.59
"3393",15,2.86
"645",12,2.34
"3388",13,3.11
"10331",9,2.49
"9649",10,1.45
"5482",13,2.8
"6793",17,2.03
"957",15,2.81
"14408",12,1.45
"5767",9,2.47
"11393",10,1.5
"2207",20,2.19
"1664",12,2.3
"17460",17,2.63
"2857",15,2.48
"4215",12,2.03
"9683",17,2.74
"9674",9,1.93
"12320",12,3.18
"9933",15,2.66
"38",15,2.8
"4252",12,2.35
"1622",11,1.92
"9838",12,2.21
"15292",10,2.18
"10411",12,3.18
"6701",15,2.56
"12698",10,1.9
"4225",15,2.45
"13793",12,1.95
"11091",15,1.24
"9591",12,2.25
"1695",12,1.73
"15858",14,2.67
"6560",12,1.68
"6275",13,2.55
"1686",12,2.3
"12271",15,3.12
"12701",10,1.82
"10170",14,2.51
"6754",9,1.66
"16985",14,1.58
"13623",12,2.46
"8936",15,0.91
"6389",12,1.41
"14500",19,3.84
"14243",12,2.3
"3412",12,2.1
"10469",9,1.99
"4296",13,3.08
"13890",12,1.35
"10707",12,1.49
"15522",12,0.72
"2204",20,1.99
"1172",12,2.43
"4284",10,0.62
"68",12,2.44
"15173",9,1.99
"17757",12,2.06
"16137",13,1.64
"5200",12,2.13
"14563",12,2.76
"2912",15,2.79
"17480",11,2.32
"16904",12,2.15
"1963",12,2.13
"133",12,2.83
"9645",13,2.49
"4487",16,3.37
"10265",12,2.14
"14549",11,1.79
"6558",12,1.78
"11076",11,1.76
"11800",15,2.82
"2466",15,2.81
"577",14,2.56
"7174",11,1.68
"5182",11,2.39
"9632",15,3.12
"8774",12,3.53
"16349",11,2.76
"9984",18,2.8
"14972",12,2.04
"15031",9,1.6
"2581",14,2.04
"9978",19,1.92
"2782",11,2.41
"3899",10,2.41
"10482",12,2.2
"9759",15,1.37
"17640",17,2.38
"5770",9,2.75
"5449",12,2.32
"16400",17,2.74
"14077",12,2.82
"2437",12,2.54
"4668",12,0.7
"8180",12,2.4
"16630",11,2.01
"11971",12,2.88
"6044",11,2
"1186",12,2.63
"14502",12,2.82
"9885",12,3.02
"11742",12,2.2
"7220",15,2.84
"350",12,1.71
"17176",15,2.67
"1390",12,2.29
"5402",11,2.01
"10305",12,2.04
"2746",12,2.08
"10518",12,1.07
"2664",12,2.7
"8316",16,2.73
"10889",12,2.92
"13290",14,2.31
"8298",12,2.88
"17678",15,2.8
"14386",9,2.27
"192",16,3.13
"11924",12,2.48
"14918",12,2.53
"2134",15,2.9
"5471",11,2.45
"12982",9,0.63
"763",12,1.42
"14869",10,1.39
"7194",16,2.7
"10479",9,2.62
"7263",16,2.77
"8821",13,3.07
"15735",12,3.14
"8101",14,2.85
"1628",12,2.2
"15754",9,1.88
"6023",12,1.75
"377",9,1.48
"7396",12,1.64
"10583",12,2.26
"202",15,2.49
"10674",15,2.86
"9099",12,2.85
"16061",10,1.83
"10568",13,2.73
"3491",12,1.88
"16762",12,2.37
"9119",12,1.97
"1455",10,2.41
"4891",12,2.59
"7378",14,2.86
"10723",10,2.3
"930",12,2.25
"13327",14,2.35
"6958",9,1.47
"6508",14,2.07
"16399",17,3.01
"3410",12,1.68
"11511",14,2.02
"3820",12,2.22
"7305",11,2.39
"14560",12,2.37
"5600",12,2.48
"4038",14,2.2
"517",12,2.46
"6596",18,3.18
"12107",16,1.85
"2144",12,0.55
"2539",15,1.24
"7759",14,2.23
"2293",12,2.82
"17017",14,2.67
"17546",12,2.61
"17393",11,2.24
"347",12,1.61
"12148",9,1.21
"15839",11,2.43
"7657",15,2.21
"7474",12,2.2
"17742",12,1.72
"7765",14,2.08
"17577",9,2.16
"4056",16,2.92
"13059",12,3.09
"15559",9,2.24
"1525",14,1.97
"1857",12,3.06
"12235",12,1.89
"16857",9,2.43
"15057",16,3.07
"11281",15,1.66
"2294",12,2.57
"7535",15,2.93
"3814",11,2.03
"8984",15,2.81
"17803",10,2.07
"2291",12,2.54
"629",14,2.93
"7776",15,2.99
"17530",16,2.58
"866",15,3.05
"5747",12,2.71
"13179",9,1.94
"15021",12,2.5
"3188",15,1.83
"17547",12,2.45
"4465",9,2.29
"7213",15,2.34
"5319",17,2.55
"3353",11,1.85
"4945",15,2.7
"15296",10,2.71
"7767",14,2.2
"14341",15,2.09
"17351",12,2.42
"3164",15,2.75
"11999",11,2.1
"6368",12,2.24
"11879",15,2.56
"15535",11,1.94
"8688",14,2.84
"17556",12,2.34
"5134",16,2.38
"1773",17,2.74
"7289",15,2.11
"13320",12,2.93
"138",12,2.34
"10863",12,2.49
"8608",13,2.82
"11885",14,2.64
"2766",12,2.29
"15233",12,1.81
"12322",12,3.23
"1552",13,2.09
"8188",12,1.88
"1524",14,2.13
"11746",12,3.16
"1100",19,2.57
"9887",12,3.03
"210",12,1.74
"1527",16,2.87
"2489",15,2.93
"6464",15,2.44
"17403",12,2.98
"2238",12,3.51
"12539",12,1.57
"15076",12,1.94
"17847",9,1.61
"5501",12,2.09
"8040",12,2.41
"17326",12,2.66
"4960",18,2.57
"6489",12,1.68
"4575",12,1.33
"6164",14,1.98
"14028",12,2.5
"2896",12,1.9
"11075",12,2.32
"13098",10,2.77
"14805",12,2.3
"16214",12,2.04
"6541",12,1.52
"2228",15,2.7
"11486",12,2.31
"10141",14,1.87
"16739",12,2.03
"1399",12,2.52
"9140",17,3.05
"7708",12,2.57
"7677",13,2.95
"7231",9,2
"13750",12,2.19
"3775",11,2.45
"9894",12,2.68
"10711",15,2.07
"6004",13,2.62
"827",15,2.11
"7808",12,2.95
"12574",17,3.22
"3004",12,1.79
"7797",12,2.1
"15146",9,2.38
"10835",10,1.67
"6330",12,2.71
"16031",10,2.3
"2955",16,2.44
"2108",12,2.13
"15944",16,2.18
"5513",15,3.07
"8946",12,2.6
"12346",13,1.63
"16011",12,1.67
"6779",14,2.39
"15443",9,2.43
"15832",11,2.54
"14713",12,2.58
"11150",13,2.01
"1764",16,3.14
"11266",12,2.16
"6897",10,2.21
"15185",12,1.76
"8410",12,1.96
"4011",15,3.06
"3976",12,1.87
"111",12,1.53
"12329",12,1.84
"14133",11,1.87
"17544",12,2.61
"8614",12,2.64
"11034",11,2.49
"7069",13,2.16
"2732",15,3.23
"16065",12,2.77
"11328",12,2.15
"13122",12,2.02
"16197",12,1.94
"9856",11,1.6
"10485",12,2.34
"17233",12,0.58
"16199",12,2.07
"15971",13,1.9
"3206",13,2.44
"16543",15,2.02
"3725",20,2.15
"9846",12,2.29
"5232",15,2.75
"2010",11,1.76
"7837",12,2.46
"2597",13,2.2
"1995",12,1.98
"13761",14,2.07
"6322",13,1.72
"10924",11,2.47
"10318",12,2.7
"10663",12,1.63
"5497",12,1.85
"9942",14,2.34
"14527",13,2.45
"14069",12,2.2
"15946",16,2.39
"3639",15,2.91
"7827",12,1.82
"12524",12,2.26
"2380",13,1.94
"3704",15,2.76
"16184",13,3.06
"8874",12,2.78
"7216",15,2.57
"3621",12,1.74
"5659",15,2.36
"15321",15,2.51
"9163",14,2.68
"6470",12,2.06
"10354",11,2.01
"10597",12,1.89
"4473",9,2.04
"8032",12,2.2
"13488",12,2.52
"12990",11,0.13
"15442",9,1.72
"4881",12,2.44
"7345",10,2.85
"1047",12,2.37
"4373",14,3.42
"473",16,3.02
"5701",13,2.03
"14758",14,1.47
"11051",11,1.72
"14478",15,2.01
"1705",12,2.73
"15836",11,2.56
"2512",15,2.69
"11724",12,1.79
"3884",13,3.2
"15759",9,1.87
"8889",12,2.89
"3468",12,2.68
"11641",9,1.59
"3862",18,2.92
"14764",11,1.37
"1006",12,2.92
"17796",14,2.12
"4803",11,2.64
"5270",12,3
"4067",12,2.15
"4084",12,2.54
"14572",13,2.7
"16468",12,2.67
"10165",12,2.11
"11213",12,2.1
"3777",11,2.45
"15211",14,2.91
"9889",12,1.42
"51",13,2.28
"1321",17,2.56
"10366",13,2.04
"3633",15,2.46
"3821",12,2.11
"14840",12,1.95
"11262",12,2.03
"17249",12,2.8
"6738",10,2.12
"17825",16,2.61
"5462",12,2.63
"9268",12,3.02
"10610",9,2.1
"11463",15,2.35
"3109",13,2.29
"12004",11,2.19
"17092",10,2.15
"1666",12,2.63
"15077",12,3.42
"11952",12,2.36
"10261",12,2.65
"296",13,3.05
"13082",12,1.97
"12110",16,2.38
"11926",12,2.58
"14945",13,2.33
"8513",15,2.11
"10392",17,2.51
"4756",13,1.78
"11447",16,2.68
"15646",10,1.13
"10952",13,2.54
"8843",12,2.89
"9923",17,2.15
"7488",14,1.85
"5876",12,2.3
"15510",12,2.43
"4133",11,2.41
"5370",11,2.25
"12829",15,3.56
"15643",10,1.38
"11311",11,3.26
"981",14,1.57
"3160",11,2.01
"9899",18,2.45
"14491",15,2.34
"1296",15,2.8
"17078",16,2.29
"700",12,2.3
"14235",9,2.21
"6982",14,2.34
"5903",11,1.39
"15270",14,2.13
"17505",14,2.83
"9672",9,1.65
"2770",12,2.65
"5649",12,2.46
"16951",11,2.59
"17400",12,2.4
"6648",15,2.26
"6663",13,2.55
"9852",9,1.51
"3534",15,2.17
"3320",12,1.53
"11503",15,2.95
"2178",12,1.89
"7883",13,2.67
"1322",17,2.74
"12783",13,3.2
"8192",12,2.2
"3488",12,2.19
"9219",11,2.62
"12039",12,2.25
"4202",13,1.45
"17334",15,2.15
"2236",12,3.74
"2648",13,3.15
"13914",17,2.28
"11005",15,2
"4118",13,2.72
"8534",12,2.79
"8007",12,2.8
"7970",20,2.7
"447",12,1.87
"17214",15,3.13
"1757",16,2.51
"15829",14,2.24
"6289",12,2.84
"12917",13,1.48
"9392",9,0.75
"11265",12,2.08
"7166",12,2.21
"2676",12,2.81
"10978",12,1.39
"16273",13,0.88
"16616",10,2.55
"17910",9,2.17
"9619",12,2.41
"6546",12,2.37
"1086",18,2.63
"16358",11,2.59
"1343",12,2.4
"16743",12,2.55
"1521",15,3.37
"6424",12,2.13
"8875",12,2.78
"80",13,3.11
"17316",15,1.82
"7956",18,3.66
"3084",14,3.43
"3918",12,1.85
"8267",15,2.98
"13360",9,2.01
"17306",12,2.4
"6761",9,2.51
"265",15,2.89
"1382",14,1.7
"14594",12,1.98
"16894",10,2.22
"15033",12,2.28
"8891",12,2.88
"4127",12,2.51
"16401",17,3.11
"11308",15,3.3
"661",12,2.7
"12758",15,2.64
"3519",13,2.88
"9680",17,2.52
"3530",15,2.17
"16535",16,3.69
"16245",12,1.75
"8327",15,2.2
"16525",12,2.87
"8918",12,2.25
"10417",12,2.08
"9682",17,2.72
"4915",9,1.59
"5935",12,2.21
"10219",12,1.99
"8448",14,2.58
"5075",14,1.85
"1867",12,1.79
"5480",13,2.71
"16895",10,2.24
"5991",12,3
"11405",10,1.65
"12255",12,1.68
"2828",12,2.24
"9053",12,2.75
"5841",12,1.79
"9760",16,2.25
"10407",12,2.75
"11805",15,3.11
"1617",18,2.62
"14668",12,2.24
"15018",12,2.11
"10069",16,2.92
"10726",10,2.7
"2339",12,2.21
"3652",10,1.99
"7349",12,1.98
"11696",15,2.73
"12295",10,1.54
"15963",12,1.9
"2809",12,1.68
"11636",12,2.19
"3660",10,2.29
"13720",12,1.55
"4014",15,2.98
"10619",9,2.34
"8497",13,1.63
"16598",11,2.82
"17060",10,2.31
"15333",10,1.89
"16260",11,2.39
"9144",16,2.78
"9522",11,2.25
"15148",9,2.26
"5901",11,1.72
"13278",15,2.79
"5562",12,2.99
"1398",12,2.12
"1303",10,2.47
"1469",12,2.31
"2078",12,2.27
"3895",10,2.65
"15715",16,2.98
"1713",12,1.96
"3117",13,2.05
"95",12,2.2
"5104",16,2.74
"12984",12,2.3
"1438",12,3.02
"971",15,2.38
"1239",15,2.34
"15080",12,1.91
"16170",12,2.12
"5853",11,1.69
"6709",16,2.36
"11442",13,2.97
"16205",14,2.12
"17679",15,3.03
"2613",17,1.64
"2956",16,2.5
"14081",13,1.7
"4235",15,2.18
"5573",15,2.66
"378",9,2.02
"1953",12,2.27
"15695",15,3.06
"16946",11,2.09
"2785",12,1.9
"14372",15,2.75
"17152",10,2.22
"15644",10,1.4
"14520",12,2.76
"5920",15,2.16
"6350",12,2.26
"3846",12,1.68
"12716",12,2.97
"11425",13,2.6
"13896",12,2.06
"12100",12,2.04
"10181",15,3.32
"8202",16,1.31
"4335",12,2.07
"14419",19,3.28
"9949",19,2.3
"12461",15,2.99
"15041",10,2.08
"11063",12,2.11
"17523",15,2.21
"12118",12,1.48
"10153",16,2.13
"17701",10,1.54
"8454",12,2.3
"14838",12,1.64
"14673",12,2.46
"1485",11,3.13
"250",15,1.78
"4048",12,2.42
"17014",12,2.85
"1113",12,3.19
"16770",10,1.87
"9611",13,1.98
"12749",12,2.9
"10066",11,2.34
"5118",10,0.19
"6989",12,1.87
"17353",12,2.07
"4825",12,2.35
"13431",12,2.37
"3527",15,1.92
"14984",12,2.44
"15250",10,2.51
"14342",15,2.25
"1769",17,2.52
"9496",15,2.91
"121",12,2.79
"15529",11,1.85
"4008",15,3.04
"316",11,2.2
"9023",12,2.1
"158",12,3.44
"4006",16,4.19
"11779",12,2.37
"10422",12,2.04
"4508",16,2.26
"5945",12,2.79
"1407",12,2.94
"9259",12,2.02
"2044",12,2.05
"5484",13,2.82
"3007",12,1.94
"14756",9,2.21
"8328",16,2.44
"13147",12,2.52
"3878",13,2.31
"11121",13,2.32
"3620",12,2.19
"9294",12,2.43
"16222",12,1.97
"1985",12,2.41
"8027",12,2.41
"2933",12,1.72
"11558",15,1.31
"1993",12,2.3
"14415",19,2.96
"10089",19,2.47
"11202",16,1.96
"5749",12,2.82
"6363",15,1.23
"10213",12,1.7
"1323",17,2.79
"1459",10,2.5
"3544",12,2.16
"8145",12,1.2
"4224",15,1.92
"5648",12,2.62
"9025",12,2.1
"6636",12,2.18
"16707",12,2.43
"16722",12,3.12
"11335",12,2.93
"14675",12,2.51
"9943",14,2.38
"5794",14,1.84
"10856",12,1.87
"4763",16,2.37
"2014",12,1.61
"4158",10,2.56
"7596",12,2.51
"14998",12,1.38
"3925",12,2.21
"13325",14,2.43
"14938",12,1.82
"13228",12,2.39
"17438",12,2.36
"10943",14,3
"11273",16,2.51
"1035",16,1.92
"14620",12,2.46
"11843",12,2.5
"750",12,1.74
"14060",12,1.73
"16220",12,2.73
"13975",15,2.96
"14761",11,1.99
"7693",12,2.92
"15540",9,1.35
"13999",12,1.78
"13551",15,1.93
"5650",12,2.47
"14158",10,1.78
"15706",12,2.1
"12922",12,2.18
"2557",15,3.04
"3547",12,2.17
"8405",13,1.6
"10671",15,1.91
"6776",14,2.15
"11894",14,3.5
"11582",12,2.69
"6575",12,2.5
"6792",15,3.14
"7024",15,2.65
"3208",13,2.35
"11919",13,1.53
"2545",15,2.2
"2406",16,2.42
"6819",14,1.79
"8607",13,2.69
"1494",12,1.15
"11117",15,2.99
"8883",12,2.96
"12626",15,2.27
"1902",11,1.56
"11847",12,2.56
"6174",12,1.9
"1601",12,1.76
"5147",12,1.15
"8722",15,1.93
"13730",13,2.34
"4923",12,1.45
"8886",12,2.67
"9266",12,2.94
"9424",15,1.92
"1920",12,2.14
"11860",13,2.19
"10611",9,1.84
"2122",12,1.66
"1888",12,1.97
"12196",12,2.28
"9895",12,2.66
"13617",12,1.79
"14994",12,1.95
"15168",9,1.67
"14587",12,2.63
"8525",12,2.66
"5357",12,1.8
"8146",12,1.67
"9896",12,2.84
"6739",10,1.75
"11610",12,1.72
"6092",12,1.09
"7313",12,2.4
"989",14,2.16
"1701",12,2.38
"5553",13,2.69
"9143",16,2.8
"16684",12,2.39
"2729",15,2.83
"17884",14,2.84
"10993",11,2.07
"15968",12,1.73
"11573",12,2.45
"5261",12,2.7
"3275",12,1.72
"6500",11,1.19
"12670",12,2.78
"11006",15,2.01
"14820",12,2.13
"7104",12,2.5
"302",13,3.38
"8278",13,1.54
"6952",12,1.94
"8035",12,2.56
"3192",15,2.3
"10789",13,2.56
"1219",12,2.25
"11581",12,2.77
"9603",10,0.92
"5447",12,2.26
"4536",12,2.21
"14193",13,2.44
"7826",12,1.91
"14971",12,2.48
"1513",15,2.71
"5198",12,2.14
"1446",10,1.37
"12870",12,2.53
"10388",16,2.84
"15760",9,2.05
"14692",12,2.29
"3439",15,3.39
"1341",12,2.19
"6718",15,2.11
"6159",11,1.89
"13876",15,1.47
"1465",12,3.2
"14716",12,2.5
"1885",15,1.72
"17503",14,2
"10325",12,2.81
"15685",10,2.63
"16897",10,2.26
"8990",15,2.86
"5308",16,2.69
"8489",12,2.58
"14085",12,1.6
"11736",12,2.01
"353",12,2.44
"15584",12,2.61
"8191",12,1.94
"12138",12,2.88
"9192",13,2
"1384",12,2.16
"3962",12,2.25
"8288",12,2.16
"3307",9,1.85
"4085",12,2.31
"8869",12,2.79
"10922",11,2.24
"17390",12,0.61
"6199",16,2.46
"797",12,2.39
"10664",12,1.87
"1154",12,2.07
"16648",12,1.93
"594",15,2.46
"6074",12,2.5
"5776",9,2.03
"12114",16,2.56
"16346",11,2.22
"7134",13,2.29
"12533",15,2.55
"7285",15,2.39
"16602",14,2.24
"9412",12,2.66
"2897",12,1.8
"13023",11,2.51
"11979",16,2.7
"2240",10,1.75
"11395",10,2.48
"12627",15,2.66
"14383",9,1.71
"7724",12,2.26
"5633",15,2.58
"7769",14,2.46
"13886",15,2.69
"9325",10,1.62
"10824",13,2.36
"15238",12,1.88
"13918",17,2.74
"9297",12,2.23
"8657",12,3
"11200",16,2.17
"14101",15,2.53
"10553",16,2.33
"10006",14,0.65
"13987",12,1.93
"7156",17,2.4
"12382",14,2.55
"12274",16,3.21
"7807",12,2.88
"11271",11,2.11
"6579",12,2.21
"10681",12,1.79
"3889",12,1.7
"8776",12,3.37
"5184",11,2.48
"17644",15,1.43
"6250",12,2.07
"5955",12,2.68
"10661",12,2.37
"13868",12,0.52
"510",16,2.24
"1333",17,2.06
"3872",15,2.68
"2872",12,3.03
"9223",12,2.23
"855",12,2.54
"10452",13,3.31
"6574",12,2.95
"10426",12,2.05
"9203",12,2.96
"12932",12,2.26
"14431",11,2.34
"17059",10,1.7
"1872",13,2.67
"3042",12,2.6
"11535",11,3.2
"10767",12,2.3
"11224",12,2.68
"3722",20,1.96
"14310",12,2.67
"2583",14,2.21
"11686",15,2.76
"11691",11,2.03
"16994",14,2.32
"8531",12,2.89
"7267",18,3.4
"3218",16,2.52
"14490",15,2.31
"12171",12,2.5
"10739",12,2.32
"8136",13,1.8
"4827",12,2.37
"5378",12,2.31
"1704",12,2.73
"3016",10,1.77
"2194",18,2.79
"3345",11,1.87
"3682",13,2.15
"12662",11,2.24
"16851",9,1.77
"10205",15,2.6
"11589",12,2.58
"9224",12,2.46
"7749",15,3.35
"16666",11,1.63
"2102",15,3.47
"9989",15,2.27
"9422",10,3.36
"4143",13,1.84
"7112",12,2.48
"14762",11,1.7
"5263",12,2.72
"14225",10,2.03
"1167",12,2.36
"16062",12,2.14
"12927",12,2.22
"5492",15,2.46
"7268",18,3.41
"4603",12,1.91
"710",15,2.5
"17013",12,2.54
"9844",12,2.56
"13060",12,2.76
"16200",12,1.86
"9583",12,2.51
"14006",12,2
"6034",15,2.66
"1004",12,2.88
"915",12,2.56
"10499",11,1.78
"3508",12,2.36
"518",12,2.3
"4758",13,2.12
"318",11,2.46
"12523",12,2.22
"3104",12,2.76
"1335",17,2.62
"13314",12,1.95
"11647",12,2.47
"5112",16,2.87
"15556",9,1.74
"16861",9,1.93
"1766",16,3.19
"14368",15,2.47
"17467",13,1.65
"11539",12,2.03
"16680",12,2.4
"17083",16,2.63
"962",15,3.72
"3429",13,2.79
"3094",12,2.32
"11586",12,2.69
"5093",12,2.22
"7748",15,3.3
"13699",15,2.16
"10097",16,2.95
"7988",15,1.97
"3656",10,2.48
"220",15,2.56
"7288",15,2.53
"3107",12,1.65
"9610",13,1.58
"4727",12,1.55
"6418",12,2.03
"10465",12,2.03
"179",17,2.85
"14163",10,2.24
"457",14,1.84
"8796",13,2.49
"2040",12,1.01
"7903",15,2.41
"598",12,1.66
"13261",12,1.85
"14960",12,1.93
"12638",12,2.31
"4192",15,2.03
"966",12,1.82
"11518",16,2.18
"14373",15,2.86
"13055",12,3.01
"5241",12,2.56
"8524",12,2.95
"5000",11,1.64
"9590",12,1.98
"13301",16,2.24
"15039",10,1.38
"11710",12,0.89
"1591",12,2.29
"6319",13,2.49
"294",13,2.29
"13389",12,2.15
"6097",12,1.11
"9990",15,2.35
"11205",17,2.64
"8470",15,3.13
"2586",11,0.76
"6848",12,1.57
"7173",12,2.31
"2487",15,2.58
"59",18,2.92
"976",15,2.61
"17651",13,2.13
"17190",12,1.93
"333",12,2.46
"4312",12,2.51
"10772",12,1.88
"16886",10,2.85
"396",14,2.46
"10705",12,1.72
"12078",12,2.55
"6002",13,2.62
"3175",12,3.1
"12443",15,1.83
"2813",13,3.15
"5436",13,2.78
"12802",16,2.61
"8119",12,2.11
"11163",11,2.19
"14825",15,2.01
"1657",10,2.07
"14950",13,2.5
"9440",12,2.44
"9182",12,2.59
"12827",15,2.85
"16920",9,1.58
"2164",12,2.91
"13784",16,1.78
"10501",11,2.09
"1952",12,2.86
"17379",12,2.11
"6682",16,2.92
"705",12,1.77
"8490",12,2.97
"2278",12,1.57
"4426",12,1.7
"4425",12,1.47
"7207",15,3.09
"9194",13,2.23
"11501",15,2.86
"7093",9,2.04
"17418",15,1.77
"9215",11,2.49
"17031",15,1.46
"798",12,2.48
"172",13,1.85
"13313",11,2.19
"229",12,2.6
"2160",12,3.1
"15915",12,2.32
"14318",12,2.3
"12469",15,2.93
"10571",12,1.74
"6096",12,1.31
"7414",10,2.55
"7394",12,2.18
"14790",13,2.06
